Reference, Value, Footprint, Datasheet, Description, Height, Manufacturer_Name, Manufacturer_Part_Number, Supplier_Name
"U2","AMS1117-5.0","Package_TO_SOT_SMD:SOT-223-3_TabPin2","http://www.advanced-monolithic.com/pdf/ds1117.pdf"
"C5","10uF","Capacitor_SMD:C_0603_1608Metric_Pad1.08x0.95mm_HandSolder","~"
"C1","100uF","Capacitor_SMD:C_0805_2012Metric_Pad1.18x1.45mm_HandSolder","~"
"C3","10uF","Capacitor_SMD:C_0805_2012Metric_Pad1.18x1.45mm_HandSolder","~"
"C4","10uF","Capacitor_SMD:C_0603_1608Metric_Pad1.08x0.95mm_HandSolder","~"
"C2","10uF","Capacitor_SMD:C_0805_2012Metric_Pad1.18x1.45mm_HandSolder","~"
"U1","AMS1117-3.3","Package_TO_SOT_SMD:SOT-223-3_TabPin2","http://www.advanced-monolithic.com/pdf/ds1117.pdf"
"J1","Conn_01x03","","~"
"D2","LED","","~"
"R1","1K","Resistor_SMD:R_0603_1608Metric_Pad0.98x0.95mm_HandSolder","~"
"J2","Conn_01x02","","~"
"D1","DIODE","","~"
"U3","ESP32-WROOM-32D","RF_Module:ESP32-WROOM-32","https://www.espressif.com/sites/default/files/documentation/esp32-wroom-32d_esp32-wroom-32u_datasheet_en.pdf"
"C7","10uF","Capacitor_SMD:C_0805_2012Metric_Pad1.18x1.45mm_HandSolder","~"
"C8","1uF","Capacitor_SMD:C_0603_1608Metric_Pad1.08x0.95mm_HandSolder","~"
"C9","0.1uF","Capacitor_SMD:C_0603_1608Metric_Pad1.08x0.95mm_HandSolder","~"
"R2","10K","Resistor_SMD:R_0603_1608Metric_Pad0.98x0.95mm_HandSolder","~"
"C6","0.1uF","Capacitor_SMD:C_0603_1608Metric_Pad1.08x0.95mm_HandSolder","~"
"J3","PROG","Connector_PinHeader_2.54mm:PinHeader_2x03_P2.54mm_Vertical","~"
"U5","SST25VF512-20-4C-SAE","Psoc-CTF:SST25VF512-20-4C-SAE","https://ww1.microchip.com/downloads/en/DeviceDoc/25076A.pdf"
"U4","23LC1024-E_SN","Psoc-CTF:23LC1024-E&slash_SN","https://ww1.microchip.com/downloads/en/DeviceDoc/20005142C.pdf"
"C10","1uF","Capacitor_SMD:C_0603_1608Metric_Pad1.08x0.95mm_HandSolder","~"
"C12","0.1uF","Capacitor_SMD:C_0603_1608Metric_Pad1.08x0.95mm_HandSolder","~"
"C11","1uF","Capacitor_SMD:C_0603_1608Metric_Pad1.08x0.95mm_HandSolder","~"
"C13","0.1uF","Capacitor_SMD:C_0603_1608Metric_Pad1.08x0.95mm_HandSolder","~"
"R3","0","Resistor_SMD:R_0603_1608Metric_Pad0.98x0.95mm_HandSolder","~"
"R4","10K","Resistor_SMD:R_0603_1608Metric_Pad0.98x0.95mm_HandSolder","~"
"R5","10K","Resistor_SMD:R_0603_1608Metric_Pad0.98x0.95mm_HandSolder","~"
"P1","Power","Socket_Arduino_Uno:Socket_Strip_Arduino_1x08",""
"P2","Analog","Socket_Arduino_Uno:Socket_Strip_Arduino_1x06",""
"P5","CONN_01X01","Socket_Arduino_Uno:Arduino_1pin",""
"P6","CONN_01X01","Socket_Arduino_Uno:Arduino_1pin",""
"P7","CONN_01X01","Socket_Arduino_Uno:Arduino_1pin",""
"P8","CONN_01X01","Socket_Arduino_Uno:Arduino_1pin",""
"P4","Digital","Socket_Arduino_Uno:Socket_Strip_Arduino_1x08",""
"P3","Digital","Socket_Arduino_Uno:Socket_Strip_Arduino_1x10",""
"IC1","CY8C4248LQI-BL583","Psoc-CTF:QFN40P700X700X60-57N","","PSoC 4xx8_BLE","mm","Cypress Semiconductor","CY8C4248LQI-BL583","RS"
"Y2","32.768Khz","","~"
"C14","36pF","Capacitor_SMD:C_0603_1608Metric_Pad1.08x0.95mm_HandSolder","~"
"C15","18pF","Capacitor_SMD:C_0603_1608Metric_Pad1.08x0.95mm_HandSolder","~"
"R6","10K","Resistor_SMD:R_0603_1608Metric_Pad0.98x0.95mm_HandSolder","~"
"C16","0.1uF","Capacitor_SMD:C_0603_1608Metric_Pad1.08x0.95mm_HandSolder","~"
"C18","1uF","Capacitor_SMD:C_0603_1608Metric_Pad1.08x0.95mm_HandSolder","~"
"C22","0.1uF","Capacitor_SMD:C_0603_1608Metric_Pad1.08x0.95mm_HandSolder","~"
"C24","1uF","Capacitor_SMD:C_0603_1608Metric_Pad1.08x0.95mm_HandSolder","~"
"C28","0.1uF","Capacitor_SMD:C_0603_1608Metric_Pad1.08x0.95mm_HandSolder","~"
"C30","1uF","Capacitor_SMD:C_0603_1608Metric_Pad1.08x0.95mm_HandSolder","~"
"C32","0.1uF","Capacitor_SMD:C_0603_1608Metric_Pad1.08x0.95mm_HandSolder","~"
"C34","1uF","Capacitor_SMD:C_0603_1608Metric_Pad1.08x0.95mm_HandSolder","~"
"C35","0.1uF","Capacitor_SMD:C_0603_1608Metric_Pad1.08x0.95mm_HandSolder","~"
"Y1","24MHz","","~"
"C29","1uF","Capacitor_SMD:C_0603_1608Metric_Pad1.08x0.95mm_HandSolder","~"
"C31","0.1uF","Capacitor_SMD:C_0603_1608Metric_Pad1.08x0.95mm_HandSolder","~"
"C33","1uF","Capacitor_SMD:C_0603_1608Metric_Pad1.08x0.95mm_HandSolder","~"
"C36","0.1uF","Capacitor_SMD:C_0603_1608Metric_Pad1.08x0.95mm_HandSolder","~"
"C17","1uF","Capacitor_SMD:C_0603_1608Metric_Pad1.08x0.95mm_HandSolder","~"
"C21","0.1uF","Capacitor_SMD:C_0603_1608Metric_Pad1.08x0.95mm_HandSolder","~"
"C23","1uF","Capacitor_SMD:C_0603_1608Metric_Pad1.08x0.95mm_HandSolder","~"
"C27","0.1uF","Capacitor_SMD:C_0603_1608Metric_Pad1.08x0.95mm_HandSolder","~"
"C20","1uF","Capacitor_SMD:C_0603_1608Metric_Pad1.08x0.95mm_HandSolder","~"
"R8","0","Resistor_SMD:R_0603_1608Metric_Pad0.98x0.95mm_HandSolder","~"
"C26","1uF","Capacitor_SMD:C_0603_1608Metric_Pad1.08x0.95mm_HandSolder","~"
"C19","2200pF","Capacitor_SMD:C_0603_1608Metric_Pad1.08x0.95mm_HandSolder","~"
"R7","0","Resistor_SMD:R_0603_1608Metric_Pad0.98x0.95mm_HandSolder","~"
"C25","10000pF","Capacitor_SMD:C_0603_1608Metric_Pad1.08x0.95mm_HandSolder","~"
"J4","Conn_01x04","","~"
"L1","FBMH1608HM331-T","Resistor_SMD:R_0603_1608Metric_Pad0.98x0.95mm_HandSolder","https://ds.yuden.co.jp/TYCOMPAS/ut/detail?pn=FBMH1608HM331-T%20%20&u=M"
"L2","FBMH1608HM331-T","Resistor_SMD:R_0603_1608Metric_Pad0.98x0.95mm_HandSolder","https://ds.yuden.co.jp/TYCOMPAS/ut/detail?pn=FBMH1608HM331-T%20%20&u=M"
"L3","FBMH1608HM331-T","Resistor_SMD:R_0603_1608Metric_Pad0.98x0.95mm_HandSolder","https://ds.yuden.co.jp/TYCOMPAS/ut/detail?pn=FBMH1608HM331-T%20%20&u=M"
